Location,Location_2,n_samples,mean_accuracy,ci_lower,ci_upper
Left-Hippocampus,Left-Hippocampus,522,0.7872893772893773,0.7502211604158305,0.8202930030600025
Left-Hippocampus,ctx-lh-parahippocampal,134,0.7834757834757834,0.7064803213247409,0.8448777435870775
Left-Hippocampus,ctx-lh-lingual,56,0.6757575757575757,0.5482263990973855,0.7859900520744849
Left-Hippocampus,Left-Amygdala,166,0.8251336898395722,0.7603660996554632,0.8755210432712724
Left-Hippocampus,ctx-lh-middletemporal,408,0.8456187895212286,0.8073180221447691,0.8774114871365586
Left-Hippocampus,ctx-lh-fusiform,98,0.8157894736842106,0.7282500277598462,0.8805393662448048
Left-Hippocampus,ctx-lh-inferiortemporal,144,0.8684729064039409,0.8031071380429962,0.9138771290600463
Left-Hippocampus,ctx-lh-precuneus,56,0.7666666666666667,0.6423184678498916,0.8590062089079139
ctx-lh-parahippocampal,Left-Hippocampus,134,0.7393162393162391,0.6585154628366853,0.8057860655101091
ctx-lh-parahippocampal,ctx-lh-parahippocampal,72,0.6666666666666666,0.5517960435660518,0.7646535655684621
ctx-lh-parahippocampal,Left-Amygdala,58,0.7106060606060606,0.5798709910321587,0.808218172090378
ctx-lh-parahippocampal,ctx-lh-middletemporal,118,0.8644927536231884,0.7910519425571667,0.9147833357823714
ctx-lh-parahippocampal,ctx-lh-fusiform,32,0.7190476190476189,0.5462549057408341,0.8443541950225724
ctx-lh-parahippocampal,ctx-lh-inferiortemporal,44,0.8166666666666667,0.6803944911281533,0.9048719428437227
ctx-lh-lingual,Left-Hippocampus,56,0.7515151515151516,0.623073578523325,0.8448294531172933
ctx-lh-lingual,ctx-lh-middletemporal,32,0.8047619047619048,0.6469084479862404,0.9111045531043405
Left-Amygdala,Left-Hippocampus,166,0.7468805704099821,0.6757820657121671,0.8070211353988728
Left-Amygdala,ctx-lh-parahippocampal,58,0.8287878787878787,0.7109174349067378,0.903557073370612
Left-Amygdala,Left-Amygdala,110,0.7636363636363637,0.6761922754696252,0.8332881950095246
Left-Amygdala,ctx-lh-middletemporal,176,0.7785714285714287,0.711472362147805,0.8334520431735966
Left-Amygdala,ctx-lh-fusiform,56,0.7484848484848484,0.623073578523325,0.8448294531172933
Left-Amygdala,ctx-lh-inferiortemporal,70,0.7857142857142858,0.676088137365211,0.8656129698289221
ctx-lh-middletemporal,Left-Hippocampus,408,0.8504366154772658,0.8126270124720789,0.8818149721182036
ctx-lh-middletemporal,ctx-lh-parahippocampal,118,0.8815217391304347,0.8106688858660447,0.9279959403032394
ctx-lh-middletemporal,ctx-lh-lingual,32,0.6857142857142857,0.5143332169904458,0.8204745836639027
ctx-lh-middletemporal,Left-Amygdala,176,0.8517460317460317,0.7923461880856805,0.8971499982393579
ctx-lh-middletemporal,ctx-lh-middletemporal,590,0.8220338983050848,0.7891174289012614,0.850784003300255
ctx-lh-middletemporal,ctx-lh-fusiform,136,0.8965608465608466,0.8346183375297825,0.9376848185641372
ctx-lh-middletemporal,ctx-lh-inferiortemporal,158,0.8608870967741936,0.7981767365026284,0.9062163209419527
ctx-lh-middletemporal,ctx-lh-precuneus,32,0.8142857142857143,0.6469084479862404,0.9111045531043405
ctx-lh-fusiform,Left-Hippocampus,98,0.8768421052631579,0.7980716017169679,0.9285479975789058
ctx-lh-fusiform,ctx-lh-parahippocampal,32,0.7904761904761904,0.6124500635075647,0.8897616374739581
ctx-lh-fusiform,Left-Amygdala,56,0.8060606060606063,0.681553923735416,0.8866140432567635
ctx-lh-fusiform,ctx-lh-middletemporal,136,0.9042328042328043,0.8433201759217401,0.9432848904702151
ctx-lh-fusiform,ctx-lh-fusiform,74,0.8371428571428572,0.7376018659372965,0.9047293642002805
ctx-lh-fusiform,ctx-lh-inferiortemporal,60,0.8333333333333334,0.7196838683638547,0.9068682302080855
ctx-lh-inferiortemporal,Left-Hippocampus,144,0.8266009852216747,0.7562655721912297,0.8795506646737323
ctx-lh-inferiortemporal,ctx-lh-parahippocampal,44,0.7722222222222221,0.6300764193536366,0.8715805240508285
ctx-lh-inferiortemporal,Left-Amygdala,70,0.7142857142857142,0.5994980341827975,0.8067777962128025
ctx-lh-inferiortemporal,ctx-lh-middletemporal,158,0.8548387096774194,0.7910355643591988,0.9009997201477581
ctx-lh-inferiortemporal,ctx-lh-fusiform,60,0.8833333333333332,0.7782121197582913,0.9423227935994397
ctx-lh-inferiortemporal,ctx-lh-inferiortemporal,100,0.8699999999999999,0.7901964855992356,0.9224283257275949
ctx-lh-precuneus,Left-Hippocampus,56,0.7696969696969698,0.6423184678498916,0.8590062089079139
ctx-lh-precuneus,ctx-lh-middletemporal,32,0.7523809523809524,0.5789344100575551,0.8674759908149097
Left-Amygdala,ctx-lh-lateralorbitofrontal,30,0.7,0.5212421254128503,0.833352517317562
Left-Amygdala,ctx-lh-parstriangularis,40,0.775,0.6249690325768998,0.8768390867645927
Left-Amygdala,ctx-lh-supramarginal,24,0.76,0.5510055599484599,0.88000633771405
Left-Amygdala,ctx-lh-superiortemporal,56,0.8015151515151515,0.681553923735416,0.8866140432567635
ctx-lh-middletemporal,ctx-lh-lateralorbitofrontal,212,0.8351052048726467,0.7790581112932209,0.8788321789960214
ctx-lh-middletemporal,ctx-lh-insula,112,0.8837944664031621,0.8114943070899336,0.9308996585550915
ctx-lh-middletemporal,ctx-lh-parstriangularis,152,0.835268817204301,0.7684693638513513,0.8860419630565783
ctx-lh-middletemporal,ctx-lh-supramarginal,78,0.8066666666666666,0.7066518728093648,0.8798479365985158
ctx-lh-middletemporal,ctx-lh-superiortemporal,222,0.8782828282828282,0.828831454546235,0.9150532195843146
Left-Hippocampus,ctx-lh-lateralorbitofrontal,98,0.8973684210526315,0.8222723377188418,0.9436239966741063
Left-Hippocampus,ctx-lh-insula,60,0.7833333333333333,0.6637997242680521,0.868769559518097
Left-Hippocampus,ctx-lh-parstriangularis,78,0.8083333333333333,0.7066518728093648,0.8798479365985158
Left-Hippocampus,ctx-lh-supramarginal,64,0.7833333333333333,0.6656721604337417,0.8649768059328053
Left-Hippocampus,ctx-lh-superiortemporal,122,0.8203333333333334,0.7420367275186709,0.8777907977735996
ctx-lh-fusiform,ctx-lh-lateralorbitofrontal,44,0.7499999999999999,0.6055943364104085,0.8542578617103512
ctx-lh-fusiform,ctx-lh-insula,30,0.6666666666666666,0.48780051644543837,0.8076950191632386
ctx-lh-fusiform,ctx-lh-parstriangularis,34,0.7047619047619047,0.5383109020528556,0.8316536932957759
ctx-lh-fusiform,ctx-lh-supramarginal,46,0.8022222222222222,0.6682874107701539,0.8934938986560147
ctx-lh-fusiform,ctx-lh-superiortemporal,52,0.7854545454545454,0.6596789537149542,0.8775562946751251
ctx-lh-lateralorbitofrontal,Left-Amygdala,30,0.6666666666666667,0.48780051644543837,0.8076950191632386
ctx-lh-lateralorbitofrontal,ctx-lh-middletemporal,212,0.8306755260243632,0.7738784189169661,0.8747458109456672
ctx-lh-lateralorbitofrontal,Left-Hippocampus,98,0.8163157894736843,0.7282500277598462,0.8805393662448048
ctx-lh-lateralorbitofrontal,ctx-lh-fusiform,44,0.7527777777777778,0.6055943364104085,0.8542578617103512
ctx-lh-lateralorbitofrontal,ctx-lh-lateralorbitofrontal,210,0.8571428571428573,0.8033895993687219,0.8980646500889329
ctx-lh-lateralorbitofrontal,ctx-lh-insula,104,0.7014285714285713,0.6081007032433253,0.7813599036447229
ctx-lh-lateralorbitofrontal,ctx-lh-parstriangularis,106,0.8194805194805195,0.7369360546798733,0.8821380247258237
ctx-lh-lateralorbitofrontal,ctx-lh-supramarginal,68,0.8505494505494505,0.7500260574669123,0.9181118226365673
ctx-lh-lateralorbitofrontal,ctx-lh-superiortemporal,174,0.8277310924369748,0.7645442908388691,0.8764760918995491
ctx-lh-insula,ctx-lh-middletemporal,112,0.7948616600790513,0.71066346806868,0.8590807381240136
ctx-lh-insula,Left-Hippocampus,60,0.7666666666666667,0.6456372962239805,0.8556043826335717
ctx-lh-insula,ctx-lh-fusiform,30,0.7666666666666667,0.5907167384187783,0.882076118555105
ctx-lh-insula,ctx-lh-lateralorbitofrontal,104,0.8171428571428571,0.7322037581041858,0.8798057670056043
ctx-lh-insula,ctx-lh-insula,94,0.7771929824561404,0.6824912052295027,0.848980837673047
ctx-lh-insula,ctx-lh-parstriangularis,56,0.840909090909091,0.7219379333025048,0.9130733239240486
ctx-lh-insula,ctx-lh-supramarginal,40,0.725,0.5716504419378943,0.8389198375233267
ctx-lh-insula,ctx-lh-superiortemporal,118,0.8554347826086957,0.7813559853085654,0.9080645191160999
ctx-lh-parstriangularis,Left-Amygdala,40,0.825,0.6805000966821227,0.9125458625396409
ctx-lh-parstriangularis,ctx-lh-middletemporal,152,0.8288172043010753,0.7611653548436896,0.880512416634673
ctx-lh-parstriangularis,Left-Hippocampus,78,0.805,0.7066518728093648,0.8798479365985158
ctx-lh-parstriangularis,ctx-lh-fusiform,34,0.7333333333333333,0.5688285871705533,0.8539880932278826
ctx-lh-parstriangularis,ctx-lh-lateralorbitofrontal,106,0.8021645021645023,0.7160468923505877,0.8666110647371271
ctx-lh-parstriangularis,ctx-lh-insula,56,0.8196969696969697,0.7015881796334894,0.900001432475877
ctx-lh-parstriangularis,ctx-lh-parstriangularis,74,0.7847619047619048,0.6772627498746149,0.8622954834409498
ctx-lh-parstriangularis,ctx-lh-supramarginal,40,0.8,0.652426936536005,0.895000102745623
ctx-lh-parstriangularis,ctx-lh-superiortemporal,100,0.8,0.7111708344068411,0.8666330666689676
ctx-lh-supramarginal,Left-Amygdala,24,0.8800000000000001,0.6899611872949992,0.9565566591987656
ctx-lh-supramarginal,ctx-lh-middletemporal,78,0.795,0.6924602695475389,0.8696020478016798
ctx-lh-supramarginal,Left-Hippocampus,64,0.7487179487179487,0.631837235413303,0.8398507346902941
ctx-lh-supramarginal,ctx-lh-fusiform,46,0.7355555555555556,0.597408464719844,0.843991135543574
ctx-lh-supramarginal,ctx-lh-lateralorbitofrontal,68,0.7791208791208791,0.6674326122885067,0.861509876126748
ctx-lh-supramarginal,ctx-lh-insula,40,0.75,0.5980603857923197,0.858128813609037
ctx-lh-supramarginal,ctx-lh-parstriangularis,40,0.9,0.769482247724777,0.9604204713173937
ctx-lh-supramarginal,ctx-lh-supramarginal,76,0.7891666666666668,0.6850436020610324,0.8660485329012564
ctx-lh-supramarginal,ctx-lh-superiortemporal,70,0.8142857142857143,0.7077442179325668,0.8881269999809798
ctx-lh-superiortemporal,Left-Amygdala,56,0.7863636363636364,0.6618053643659488,0.8729409575090435
ctx-lh-superiortemporal,ctx-lh-middletemporal,222,0.8649494949494951,0.8136422059375022,0.9036751584026707
ctx-lh-superiortemporal,Left-Hippocampus,122,0.8026666666666668,0.7239527940587408,0.8640887042954645
ctx-lh-superiortemporal,ctx-lh-fusiform,52,0.7872727272727272,0.6596789537149542,0.8775562946751251
ctx-lh-superiortemporal,ctx-lh-lateralorbitofrontal,174,0.8105882352941176,0.745635806052902,0.8616466618045469
ctx-lh-superiortemporal,ctx-lh-insula,118,0.822463768115942,0.743211209821014,0.8805501989441593
ctx-lh-superiortemporal,ctx-lh-parstriangularis,100,0.85,0.7671644040916763,0.9069401471634337
ctx-lh-superiortemporal,ctx-lh-supramarginal,70,0.8428571428571429,0.7401175342315778,0.909923794401382
ctx-lh-superiortemporal,ctx-lh-superiortemporal,206,0.7911730545876887,0.7306848330124762,0.8411754689240343
Left-Hippocampus,Right-Hippocampus,30,0.8,0.6269430358685175,0.9049489282271013
Left-Hippocampus,ctx-rh-middletemporal,56,0.9106060606060605,0.8074399861448884,0.9612578515504131
Left-Hippocampus,ctx-rh-precentral,20,0.7,0.48102718164647645,0.8545227551323957
Left-Hippocampus,ctx-rh-superiorfrontal,102,0.8533333333333332,0.7714538787113648,0.9088088538911315
Left-Hippocampus,ctx-rh-rostralanteriorcingulate,36,0.775,0.6191529705388181,0.8828366802420353
ctx-lh-middletemporal,Right-Hippocampus,70,0.9428571428571428,0.8620804952516177,0.9775562208992887
ctx-lh-middletemporal,ctx-rh-fusiform,36,0.75,0.5892954623327165,0.8624952233700518
ctx-lh-middletemporal,ctx-rh-middletemporal,126,0.8809230769230769,0.8128498826548355,0.9265133444063466
ctx-lh-middletemporal,ctx-rh-lateralorbitofrontal,108,0.88008658008658,0.8048913482797926,0.9282893600607844
ctx-lh-middletemporal,ctx-rh-parstriangularis,74,0.8666666666666666,0.7688082144747669,0.9249095140738163
ctx-lh-middletemporal,ctx-rh-insula,36,0.8857142857142858,0.7468519140963513,0.9559335969968435
ctx-lh-middletemporal,ctx-rh-caudalanteriorcingulate,20,0.75,0.5312991223812559,0.8881382985923344
ctx-lh-middletemporal,ctx-rh-superiorfrontal,222,0.9146464646464645,0.8702054035712601,0.9445254300002943
ctx-lh-middletemporal,ctx-rh-rostralanteriorcingulate,76,0.8425,0.743985675457256,0.9073050294981762
ctx-lh-parahippocampal,ctx-rh-superiorfrontal,30,0.8333333333333333,0.6643564949358397,0.9266345762815146
ctx-lh-fusiform,Right-Hippocampus,26,0.8800000000000001,0.7102409678828635,0.9599675537638938
ctx-lh-fusiform,ctx-rh-middletemporal,42,0.8333333333333333,0.6939599725535115,0.9168408335360192
ctx-lh-fusiform,ctx-rh-lateralorbitofrontal,20,0.75,0.5312991223812559,0.8881382985923344
ctx-lh-fusiform,ctx-rh-parstriangularis,28,1.0,0.8793566952341542,0.9999999999999999
ctx-lh-fusiform,ctx-rh-superiorfrontal,54,0.76,0.6305247581649721,0.8535570850471558
ctx-lh-fusiform,ctx-rh-rostralanteriorcingulate,20,0.8,0.5839825677481064,0.919342337420202
ctx-lh-superiorparietal,ctx-lh-superiorparietal,80,0.8125,0.7134167737100687,0.8829468953302269
ctx-lh-superiorparietal,ctx-rh-superiorparietal,20,0.75,0.5312991223812559,0.8881382985923344
Right-Hippocampus,Left-Hippocampus,30,0.8666666666666668,0.703186733179637,0.9469034451594526
Right-Hippocampus,ctx-lh-middletemporal,70,0.8428571428571429,0.7401175342315778,0.909923794401382
Right-Hippocampus,ctx-lh-fusiform,26,0.7733333333333334,0.5794844592105631,0.8896615059421672
Right-Hippocampus,Right-Hippocampus,254,0.7757647058823529,0.7203970329696616,0.8225722809658353
Right-Hippocampus,ctx-rh-fusiform,56,0.9106060606060605,0.8074399861448884,0.9612578515504131
Right-Hippocampus,ctx-rh-middletemporal,246,0.8006530612244898,0.7464487571275102,0.8459269066177788
Right-Hippocampus,ctx-rh-lateralorbitofrontal,260,0.8038461538461539,0.751304547293923,0.8475399281202929
Right-Hippocampus,ctx-rh-parstriangularis,140,0.7928571428571429,0.7183483042801226,0.8517237783606497
Right-Hippocampus,ctx-rh-insula,162,0.7102272727272727,0.6357750123990663,0.7742551482347763
Right-Hippocampus,ctx-rh-precentral,110,0.8,0.7157046653839022,0.8640489734371993
Right-Hippocampus,ctx-rh-inferiorparietal,64,0.7346153846153846,0.6151712627143486,0.8270362092577739
Right-Hippocampus,ctx-rh-supramarginal,20,0.65,0.43285427668523624,0.818808175898918
ctx-rh-fusiform,ctx-lh-middletemporal,36,0.8357142857142857,0.6810920568872053,0.921295524049819
ctx-rh-fusiform,Right-Hippocampus,56,0.9121212121212121,0.8074399861448884,0.9612578515504131
ctx-rh-fusiform,ctx-rh-fusiform,40,0.825,0.6805000966821227,0.9125458625396409
ctx-rh-fusiform,ctx-rh-middletemporal,52,0.7872727272727272,0.6596789537149542,0.8775562946751251
ctx-rh-fusiform,ctx-rh-lateralorbitofrontal,42,0.7416666666666666,0.5893126929422804,0.8469735971216702
ctx-rh-fusiform,ctx-rh-parstriangularis,38,0.7928571428571429,0.6365422052467259,0.8892520815700412
ctx-rh-middletemporal,Left-Hippocampus,56,0.8757575757575757,0.7637452344180986,0.9381093130428289
ctx-rh-middletemporal,ctx-lh-middletemporal,126,0.8335384615384616,0.7586147124827934,0.888328111195741
ctx-rh-middletemporal,ctx-lh-fusiform,42,0.8555555555555555,0.7215891052555522,0.9328403298403735
ctx-rh-middletemporal,Right-Hippocampus,246,0.8208979591836736,0.7684239923406107,0.863977054090171
ctx-rh-middletemporal,ctx-rh-fusiform,52,0.8254545454545456,0.702691358755192,0.9061752560868979
ctx-rh-middletemporal,ctx-rh-middletemporal,332,0.8071913161465399,0.7613795328410552,0.8460499391376134
ctx-rh-middletemporal,ctx-rh-lateralorbitofrontal,230,0.7782608695652173,0.7202497891193348,0.8271296218949812
ctx-rh-middletemporal,ctx-rh-parstriangularis,126,0.7458461538461539,0.6635293662856476,0.8139760511913658
ctx-rh-middletemporal,ctx-rh-insula,166,0.7468805704099821,0.6757820657121671,0.8070211353988728
ctx-rh-middletemporal,ctx-rh-precentral,136,0.7859788359788359,0.7105454397049724,0.847229061918414
ctx-rh-middletemporal,ctx-rh-inferiorparietal,82,0.6852941176470588,0.5759621358417956,0.7735193432959727
ctx-rh-middletemporal,ctx-rh-supramarginal,36,0.725,0.5600751000260289,0.841516620598654
ctx-rh-middletemporal,ctx-rh-superiorparietal,34,0.8857142857142858,0.7337915722962817,0.9532855333511766
ctx-rh-lateralorbitofrontal,ctx-lh-middletemporal,108,0.8792207792207792,0.8048913482797926,0.9282893600607844
ctx-rh-lateralorbitofrontal,ctx-lh-fusiform,20,0.65,0.43285427668523624,0.818808175898918
ctx-rh-lateralorbitofrontal,Right-Hippocampus,260,0.7692307692307692,0.7143213131585489,0.8163003739173387
ctx-rh-lateralorbitofrontal,ctx-rh-fusiform,42,0.7694444444444445,0.6147245613168169,0.8651903577535287
ctx-rh-lateralorbitofrontal,ctx-rh-middletemporal,230,0.7608695652173914,0.7017450371205805,0.811423160705341
ctx-rh-lateralorbitofrontal,ctx-rh-lateralorbitofrontal,412,0.7890096973258889,0.7468488251723802,0.8254846806664948
ctx-rh-lateralorbitofrontal,ctx-rh-parstriangularis,198,0.8180769230769231,0.7585735104945668,0.8656788147521117
ctx-rh-lateralorbitofrontal,ctx-rh-insula,238,0.7689716312056738,0.7113380715242343,0.8179342898987161
ctx-rh-lateralorbitofrontal,ctx-rh-precentral,122,0.7130000000000001,0.6273158444425793,0.7859025057522677
ctx-rh-lateralorbitofrontal,ctx-rh-inferiorparietal,72,0.7076190476190477,0.5949425733065095,0.8006194381116332
ctx-rh-parstriangularis,ctx-lh-middletemporal,74,0.8104761904761906,0.7071244273939163,0.8838203043326547
ctx-rh-parstriangularis,ctx-lh-fusiform,28,0.8933333333333333,0.7280414845132784,0.9628816331707001
ctx-rh-parstriangularis,Right-Hippocampus,140,0.8,0.7261308550867984,0.8578454246915539
ctx-rh-parstriangularis,ctx-rh-fusiform,38,0.8142857142857143,0.6658114192886859,0.9077823481477874
ctx-rh-parstriangularis,ctx-rh-middletemporal,126,0.7698461538461538,0.6890161339806872,0.8346994851876502
ctx-rh-parstriangularis,ctx-rh-lateralorbitofrontal,198,0.8534615384615385,0.7975674011063304,0.896046293612201
ctx-rh-parstriangularis,ctx-rh-parstriangularis,122,0.8113333333333334,0.7329716513566709,0.8709628604665671
ctx-rh-parstriangularis,ctx-rh-insula,98,0.7042105263157895,0.6073991576853616,0.785368193285381
ctx-rh-parstriangularis,ctx-rh-precentral,56,0.7681818181818182,0.6423184678498916,0.8590062089079139
ctx-rh-parstriangularis,ctx-rh-inferiorparietal,34,0.7333333333333333,0.5688285871705533,0.8539880932278826
ctx-rh-insula,ctx-lh-middletemporal,36,0.8857142857142858,0.7468519140963513,0.9559335969968435
ctx-rh-insula,Right-Hippocampus,162,0.6971590909090909,0.6228982931204032,0.7630124462996839
ctx-rh-insula,ctx-rh-middletemporal,166,0.7534759358288771,0.6821792456442569,0.8123996432987596
ctx-rh-insula,ctx-rh-lateralorbitofrontal,238,0.7984042553191489,0.7427880539643945,0.8443734719891911
ctx-rh-insula,ctx-rh-parstriangularis,98,0.6636842105263159,0.5651152259128323,0.7490986548637617
ctx-rh-insula,ctx-rh-insula,214,0.7800664451827244,0.7202320328294718,0.8306272969309496
ctx-rh-insula,ctx-rh-precentral,106,0.6601731601731602,0.5660266583141396,0.743510381388709
ctx-rh-insula,ctx-rh-inferiorparietal,66,0.6681318681318681,0.5465634388771762,0.7684357087849766
ctx-rh-precentral,Left-Hippocampus,20,0.8,0.5839825677481064,0.919342337420202
ctx-rh-precentral,Right-Hippocampus,110,0.7363636363636363,0.6470588387533535,0.8097167554693324
ctx-rh-precentral,ctx-rh-middletemporal,136,0.7796296296296297,0.7025855804955782,0.8408870108297729
ctx-rh-precentral,ctx-rh-lateralorbitofrontal,122,0.6806666666666668,0.5931580271103609,0.7564882692083557
ctx-rh-precentral,ctx-rh-parstriangularis,56,0.6606060606060605,0.5299945300706022,0.7708002759840811
ctx-rh-precentral,ctx-rh-insula,106,0.6515151515151516,0.5563658870548236,0.7349630914890337
ctx-rh-precentral,ctx-rh-precentral,92,0.6836257309941521,0.5840668992376271,0.770685630808991
ctx-rh-precentral,ctx-rh-inferiorparietal,58,0.6530303030303031,0.5266777656614041,0.7643891066804984
ctx-rh-precentral,ctx-rh-supramarginal,24,0.8,0.5952954674681133,0.9075517464714814
ctx-rh-precentral,ctx-rh-superiorparietal,28,0.82,0.6440857521065705,0.9212149805439572
ctx-rh-inferiorparietal,Right-Hippocampus,64,0.7487179487179487,0.631837235413303,0.8398507346902941
ctx-rh-inferiorparietal,ctx-rh-middletemporal,82,0.7786764705882353,0.6794794576232295,0.8563921437213484
ctx-rh-inferiorparietal,ctx-rh-lateralorbitofrontal,72,0.7485714285714286,0.6390649259565606,0.8356094877452105
ctx-rh-inferiorparietal,ctx-rh-parstriangularis,34,0.6476190476190475,0.47913963119781733,0.785120794051205
ctx-rh-inferiorparietal,ctx-rh-insula,66,0.6670329670329671,0.5465634388771762,0.7684357087849766
ctx-rh-inferiorparietal,ctx-rh-precentral,58,0.6727272727272727,0.5442405467847079,0.7791670891507393
ctx-rh-inferiorparietal,ctx-rh-inferiorparietal,44,0.7055555555555555,0.5577979987383977,0.8184447088149512
ctx-rh-inferiorparietal,ctx-rh-supramarginal,20,0.75,0.5312991223812559,0.8881382985923344
ctx-rh-inferiorparietal,ctx-rh-superiorparietal,34,0.880952380952381,0.7337915722962817,0.9532855333511766
ctx-rh-supramarginal,Right-Hippocampus,20,0.75,0.5312991223812559,0.8881382985923344
ctx-rh-supramarginal,ctx-rh-middletemporal,36,0.7464285714285716,0.5892954623327165,0.8624952233700518
ctx-rh-supramarginal,ctx-rh-precentral,24,0.71,0.5083230633550336,0.8508535180303914
ctx-rh-supramarginal,ctx-rh-inferiorparietal,20,1.0,0.8388748419471804,0.9999999999999999
ctx-rh-supramarginal,ctx-rh-superiorparietal,24,0.76,0.5510055599484599,0.88000633771405
ctx-rh-caudalanteriorcingulate,ctx-lh-middletemporal,20,0.65,0.43285427668523624,0.818808175898918
ctx-rh-caudalanteriorcingulate,ctx-rh-superiorfrontal,30,0.7333333333333333,0.555520383048111,0.8581733668040368
ctx-rh-superiorfrontal,Left-Hippocampus,102,0.8047619047619048,0.7164524743574987,0.8693293231613177
ctx-rh-superiorfrontal,ctx-lh-middletemporal,222,0.8964646464646464,0.8493409064700465,0.9299668473810053
ctx-rh-superiorfrontal,ctx-lh-parahippocampal,30,0.8333333333333334,0.6643564949358397,0.9266345762815146
ctx-rh-superiorfrontal,ctx-lh-fusiform,54,0.7781818181818181,0.6506132834036109,0.8680458343236686
ctx-rh-superiorfrontal,ctx-rh-caudalanteriorcingulate,30,0.7000000000000001,0.5212421254128503,0.833352517317562
ctx-rh-superiorfrontal,ctx-rh-superiorfrontal,306,0.9345319936541513,0.9012087581364998,0.9572948166027824
ctx-rh-superiorfrontal,ctx-rh-rostralanteriorcingulate,108,0.8147186147186147,0.7312030524810644,0.8768004617525846
ctx-rh-superiorfrontal,ctx-rh-superiorparietal,30,0.8666666666666668,0.703186733179637,0.9469034451594526
ctx-rh-rostralmiddlefrontal,ctx-rh-rostralmiddlefrontal,20,0.85,0.639581135259243,0.9476312541037833
ctx-rh-rostralanteriorcingulate,Left-Hippocampus,36,0.775,0.6191529705388181,0.8828366802420353
ctx-rh-rostralanteriorcingulate,ctx-lh-middletemporal,76,0.9216666666666666,0.8382725651786191,0.9633159947665282
ctx-rh-rostralanteriorcingulate,ctx-lh-fusiform,20,0.55,0.34208534245034233,0.7418021417443759
ctx-rh-rostralanteriorcingulate,ctx-rh-superiorfrontal,108,0.8424242424242424,0.7623129098457861,0.899337973290832
ctx-rh-rostralanteriorcingulate,ctx-rh-rostralanteriorcingulate,42,0.8305555555555555,0.6939599725535115,0.9168408335360192
ctx-rh-rostralanteriorcingulate,ctx-rh-superiorparietal,20,0.95,0.7638688065532577,0.9911185511992044
ctx-rh-superiorparietal,ctx-lh-superiorparietal,20,0.95,0.7638688065532577,0.9911185511992044
ctx-rh-superiorparietal,ctx-rh-middletemporal,34,0.7380952380952381,0.5688285871705533,0.8539880932278826
ctx-rh-superiorparietal,ctx-rh-precentral,28,0.78,0.6046141434627812,0.8978753966710211
ctx-rh-superiorparietal,ctx-rh-inferiorparietal,34,0.9095238095238095,0.7703951343719112,0.9695340563253515
ctx-rh-superiorparietal,ctx-rh-supramarginal,24,0.8300000000000001,0.6414692935030094,0.9332132367136706
ctx-rh-superiorparietal,ctx-rh-superiorfrontal,30,0.8666666666666666,0.703186733179637,0.9469034451594526
ctx-rh-superiorparietal,ctx-rh-rostralanteriorcingulate,20,0.9,0.6989663547715127,0.9721335187862318
ctx-rh-superiorparietal,ctx-rh-superiorparietal,52,0.8254545454545454,0.702691358755192,0.9061752560868979
ctx-lh-entorhinal,ctx-lh-middletemporal,50,0.78,0.6475845041874633,0.8724608402978558
ctx-lh-middletemporal,ctx-lh-entorhinal,50,0.7999999999999999,0.6696289406777458,0.8875624998422389
ctx-lh-middletemporal,Right-Amygdala,84,0.8691176470588236,0.780539270768134,0.9252777868305695
ctx-lh-middletemporal,ctx-rh-bankssts,20,0.9,0.6989663547715127,0.9721335187862318
Right-Amygdala,ctx-lh-middletemporal,84,0.8683823529411765,0.780539270768134,0.9252777868305695
Right-Amygdala,Right-Amygdala,116,0.8362318840579711,0.7582995878695618,0.8925603129324051
Right-Amygdala,Right-Hippocampus,132,0.7729344729344729,0.6941217129003104,0.835907930664085
Right-Amygdala,ctx-rh-middletemporal,120,0.8166666666666667,0.7379908648282967,0.8756969964398578
Right-Amygdala,ctx-rh-bankssts,34,0.7714285714285715,0.6000386207746361,0.8756301446736042
Right-Amygdala,ctx-rh-lateralorbitofrontal,174,0.8391596638655463,0.7772562866787964,0.8862560393136014
Right-Amygdala,ctx-rh-parstriangularis,92,0.8140350877192983,0.7238594289322428,0.8813066517355174
Right-Amygdala,ctx-rh-insula,72,0.8066666666666666,0.6996724105411147,0.8804852062054944
Right-Amygdala,ctx-rh-precentral,44,0.7499999999999999,0.6055943364104085,0.8542578617103512
Right-Hippocampus,Right-Amygdala,132,0.8262108262108262,0.7520962774682791,0.8809946856780821
Right-Hippocampus,ctx-rh-bankssts,66,0.7274725274725274,0.6095777422224589,0.8199665500441133
ctx-rh-middletemporal,Right-Amygdala,120,0.7833333333333334,0.7014563746709164,0.8476327643584851
ctx-rh-middletemporal,ctx-rh-bankssts,74,0.7723809523809525,0.6625368552184813,0.8513281288915803
ctx-rh-bankssts,ctx-lh-middletemporal,20,0.85,0.639581135259243,0.9476312541037833
ctx-rh-bankssts,Right-Amygdala,34,0.7428571428571429,0.5688285871705533,0.8539880932278826
ctx-rh-bankssts,Right-Hippocampus,66,0.6945054945054945,0.5778119305445574,0.7944597894198052
ctx-rh-bankssts,ctx-rh-middletemporal,74,0.6885714285714285,0.5766138969178797,0.7830915919591633
ctx-rh-bankssts,ctx-rh-bankssts,34,0.6714285714285715,0.508428945939082,0.808683564359745
ctx-rh-bankssts,ctx-rh-lateralorbitofrontal,82,0.7441176470588236,0.6400110670496504,0.8259642384673738
ctx-rh-bankssts,ctx-rh-parstriangularis,36,0.7035714285714286,0.5314372714948966,0.8199554840517008
ctx-rh-bankssts,ctx-rh-insula,64,0.6423076923076924,0.5182085060977909,0.7471159770854826
ctx-rh-bankssts,ctx-rh-precentral,50,0.7,0.5624964953554659,0.8089644649911905
ctx-rh-lateralorbitofrontal,Right-Amygdala,174,0.8732773109243699,0.8159875728330918,0.915000582921245
ctx-rh-lateralorbitofrontal,ctx-rh-bankssts,82,0.7433823529411765,0.6400110670496504,0.8259642384673738
ctx-rh-parstriangularis,Right-Amygdala,92,0.7929824561403509,0.6998218608639662,0.8636086280336036
ctx-rh-parstriangularis,ctx-rh-bankssts,36,0.7178571428571429,0.5600751000260289,0.841516620598654
ctx-rh-insula,Right-Amygdala,72,0.7504761904761905,0.6390649259565606,0.8356094877452105
ctx-rh-insula,ctx-rh-bankssts,64,0.641025641025641,0.5182085060977909,0.7471159770854826
ctx-rh-precentral,Right-Amygdala,44,0.7055555555555555,0.5577979987383977,0.8184447088149512
ctx-rh-precentral,ctx-rh-bankssts,50,0.72,0.5833487630404344,0.8252582933408876
Left-Amygdala,ctx-lh-medialorbitofrontal,22,0.67,0.47318597741042745,0.8363940681864375
Left-Amygdala,Right-Hippocampus,34,0.8857142857142858,0.7337915722962817,0.9532855333511766
Left-Amygdala,ctx-rh-middletemporal,72,0.8323809523809524,0.730892930694645,0.9020062875743833
ctx-lh-middletemporal,ctx-lh-transversetemporal,36,0.7428571428571429,0.5892954623327165,0.8624952233700518
ctx-lh-middletemporal,ctx-lh-medialorbitofrontal,48,0.7911111111111111,0.6574109872738206,0.882697270420944
Left-Hippocampus,ctx-lh-medialorbitofrontal,30,0.8333333333333334,0.6643564949358397,0.9266345762815146
ctx-lh-inferiortemporal,ctx-lh-superiortemporal,24,0.79,0.5952954674681133,0.9075517464714814
ctx-lh-inferiortemporal,Right-Hippocampus,22,0.9,0.7218505315839416,0.9747045710090048
ctx-lh-inferiortemporal,ctx-rh-middletemporal,34,0.7523809523809524,0.6000386207746361,0.8756301446736042
ctx-lh-superiortemporal,ctx-lh-inferiortemporal,24,0.7,0.5083230633550336,0.8508535180303914
ctx-lh-superiortemporal,ctx-lh-transversetemporal,44,0.6416666666666667,0.48866376879043427,0.7621647029117982
ctx-lh-superiortemporal,ctx-lh-medialorbitofrontal,30,0.8,0.6269430358685175,0.9049489282271013
ctx-lh-superiortemporal,ctx-rh-middletemporal,22,0.8699999999999999,0.6666501283342827,0.9525099628594476
ctx-lh-transversetemporal,ctx-lh-middletemporal,36,0.7214285714285713,0.5600751000260289,0.841516620598654
ctx-lh-transversetemporal,ctx-lh-superiortemporal,44,0.663888888888889,0.5113914121793823,0.7812418048065555
ctx-lh-transversetemporal,ctx-lh-lateralorbitofrontal,32,0.5857142857142856,0.4226002487538286,0.7448036515733457
ctx-lh-medialorbitofrontal,Left-Amygdala,22,0.82,0.6148339256287345,0.9269311541657794
ctx-lh-medialorbitofrontal,ctx-lh-middletemporal,48,0.7444444444444445,0.6121562719049203,0.850793663262021
ctx-lh-medialorbitofrontal,Left-Hippocampus,30,0.8666666666666666,0.703186733179637,0.9469034451594526
ctx-lh-medialorbitofrontal,ctx-lh-superiortemporal,30,0.7,0.5212421254128503,0.833352517317562
ctx-lh-medialorbitofrontal,ctx-lh-lateralorbitofrontal,22,0.8099999999999999,0.6148339256287345,0.9269311541657794
ctx-lh-medialorbitofrontal,ctx-lh-parstriangularis,22,0.6799999999999999,0.47318597741042745,0.8363940681864375
ctx-lh-lateralorbitofrontal,ctx-lh-transversetemporal,32,0.6,0.4226002487538286,0.7448036515733457
ctx-lh-lateralorbitofrontal,ctx-lh-medialorbitofrontal,22,0.74,0.5184826598759761,0.8684923971201054
ctx-lh-lateralorbitofrontal,ctx-rh-middletemporal,20,0.85,0.639581135259243,0.9476312541037833
ctx-lh-parstriangularis,ctx-lh-medialorbitofrontal,22,0.77,0.5656004682477828,0.8987696001475148
ctx-lh-parstriangularis,ctx-rh-middletemporal,26,0.7666666666666666,0.5794844592105631,0.8896615059421672
Right-Hippocampus,Left-Amygdala,34,0.7666666666666667,0.6000386207746361,0.8756301446736042
Right-Hippocampus,ctx-lh-inferiortemporal,22,0.6900000000000001,0.47318597741042745,0.8363940681864375
ctx-rh-middletemporal,Left-Amygdala,72,0.8876190476190476,0.7957706176633595,0.9426118036505066
ctx-rh-middletemporal,ctx-lh-inferiortemporal,34,0.7904761904761906,0.6320161194883639,0.8965047310096809
ctx-rh-middletemporal,ctx-lh-superiortemporal,22,0.74,0.5184826598759761,0.8684923971201054
ctx-rh-middletemporal,ctx-lh-lateralorbitofrontal,20,0.7,0.48102718164647645,0.8545227551323957
ctx-rh-middletemporal,ctx-lh-parstriangularis,26,0.5733333333333334,0.389486137465917,0.7445555668634344
Left-Hippocampus,ctx-lh-entorhinal,24,0.75,0.5510055599484599,0.88000633771405
Left-Hippocampus,ctx-lh-parsopercularis,68,0.689010989010989,0.5736318830649045,0.7882761353244803
ctx-lh-parahippocampal,ctx-lh-superiortemporal,34,0.8523809523809524,0.6987194350454783,0.9355055855521753
ctx-lh-parahippocampal,ctx-lh-entorhinal,22,0.72,0.5184826598759761,0.8684923971201054
ctx-lh-parahippocampal,ctx-lh-medialorbitofrontal,22,0.76,0.5656004682477828,0.8987696001475148
ctx-lh-parahippocampal,ctx-lh-parstriangularis,30,0.9333333333333333,0.7867654163738307,0.9815229762087296
ctx-lh-parahippocampal,ctx-lh-insula,20,0.85,0.639581135259243,0.9476312541037833
ctx-lh-parahippocampal,ctx-lh-parsopercularis,40,0.8,0.652426936536005,0.895000102745623
ctx-lh-fusiform,ctx-lh-parsopercularis,32,0.8047619047619048,0.6469084479862404,0.9111045531043405
Left-Amygdala,ctx-lh-parsopercularis,24,0.8800000000000001,0.6899611872949992,0.9565566591987656
ctx-lh-superiortemporal,ctx-lh-parahippocampal,34,0.7380952380952381,0.5688285871705533,0.8539880932278826
ctx-lh-superiortemporal,ctx-lh-entorhinal,26,0.8066666666666666,0.62123742880683,0.9149293885105759
ctx-lh-superiortemporal,ctx-lh-parsopercularis,104,0.7976190476190477,0.7109532914424467,0.8639647472970532
ctx-lh-middletemporal,ctx-lh-parsopercularis,128,0.836,0.7621819239629298,0.8901166835408066
ctx-lh-entorhinal,Left-Hippocampus,24,0.72,0.5083230633550336,0.8508535180303914
ctx-lh-entorhinal,ctx-lh-parahippocampal,22,0.63,0.4295170809013101,0.8026679532963388
ctx-lh-entorhinal,ctx-lh-superiortemporal,26,0.7333333333333333,0.5391695962082381,0.8629555167798162
ctx-lh-entorhinal,ctx-lh-parsopercularis,22,0.6799999999999999,0.47318597741042745,0.8363940681864375
ctx-lh-medialorbitofrontal,ctx-lh-parahippocampal,22,0.65,0.4295170809013101,0.8026679532963388
ctx-lh-medialorbitofrontal,ctx-lh-parsopercularis,22,0.77,0.5656004682477828,0.8987696001475148
ctx-lh-parstriangularis,ctx-lh-parahippocampal,30,0.7,0.5212421254128503,0.833352517317562
ctx-lh-parstriangularis,ctx-lh-parsopercularis,62,0.8230769230769232,0.7095843311430363,0.8979356223399493
ctx-lh-insula,ctx-lh-parahippocampal,20,0.8,0.5839825677481064,0.919342337420202
ctx-lh-insula,ctx-lh-parsopercularis,72,0.7638095238095238,0.6540123102714637,0.8470329041915168
ctx-lh-parsopercularis,Left-Hippocampus,68,0.7351648351648352,0.6199226601011089,0.8255025933012111
ctx-lh-parsopercularis,ctx-lh-parahippocampal,40,0.75,0.5980603857923197,0.858128813609037
ctx-lh-parsopercularis,ctx-lh-fusiform,32,0.780952380952381,0.6124500635075647,0.8897616374739581
ctx-lh-parsopercularis,Left-Amygdala,24,0.75,0.5510055599484599,0.88000633771405
ctx-lh-parsopercularis,ctx-lh-superiortemporal,104,0.8080952380952381,0.7215452338276328,0.8719185480970123
ctx-lh-parsopercularis,ctx-lh-middletemporal,128,0.8747692307692307,0.8065737291824854,0.9215735536123834
ctx-lh-parsopercularis,ctx-lh-entorhinal,22,0.9,0.7218505315839416,0.9747045710090048
ctx-lh-parsopercularis,ctx-lh-medialorbitofrontal,22,0.6799999999999999,0.47318597741042745,0.8363940681864375
ctx-lh-parsopercularis,ctx-lh-parstriangularis,62,0.8217948717948719,0.7095843311430363,0.8979356223399493
ctx-lh-parsopercularis,ctx-lh-insula,72,0.8057142857142857,0.6996724105411147,0.8804852062054944
ctx-lh-parsopercularis,ctx-lh-parsopercularis,78,0.77,0.6644424217371642,0.8487449114947313
Left-Amygdala,Right-Amygdala,28,0.7533333333333333,0.5664432968100103,0.8732350508070669
Left-Amygdala,ctx-rh-lateralorbitofrontal,26,0.6466666666666667,0.4622057118881081,0.8058776967705948
Left-Amygdala,ctx-rh-parstriangularis,20,0.75,0.5312991223812559,0.8881382985923344
ctx-lh-inferiortemporal,ctx-rh-fusiform,20,0.85,0.639581135259243,0.9476312541037833
ctx-lh-inferiortemporal,ctx-rh-lateralorbitofrontal,24,0.78,0.5952954674681133,0.9075517464714814
ctx-lh-inferiortemporal,ctx-rh-insula,20,0.75,0.5312991223812559,0.8881382985923344
ctx-lh-inferiortemporal,ctx-rh-parstriangularis,30,0.8666666666666668,0.703186733179637,0.9469034451594526
Right-Amygdala,Left-Amygdala,28,0.9266666666666667,0.7735463743160095,0.9801879358846942
Right-Amygdala,ctx-rh-fusiform,32,0.819047619047619,0.6469084479862404,0.9111045531043405
ctx-rh-fusiform,ctx-lh-inferiortemporal,20,0.9,0.6989663547715127,0.9721335187862318
ctx-rh-fusiform,Right-Amygdala,32,0.7809523809523808,0.6124500635075647,0.8897616374739581
ctx-rh-lateralorbitofrontal,Left-Amygdala,26,0.6799999999999999,0.5001174167780162,0.8349868440453625
ctx-rh-lateralorbitofrontal,ctx-lh-inferiortemporal,24,0.8800000000000001,0.6899611872949992,0.9565566591987656
ctx-rh-insula,ctx-lh-inferiortemporal,20,0.9,0.6989663547715127,0.9721335187862318
ctx-rh-parstriangularis,Left-Amygdala,20,0.9,0.6989663547715127,0.9721335187862318
ctx-rh-parstriangularis,ctx-lh-inferiortemporal,30,0.8,0.6269430358685175,0.9049489282271013
ctx-lh-superiortemporal,ctx-lh-rostralanteriorcingulate,68,0.8098901098901099,0.699893585399794,0.8847270596907507
ctx-lh-superiortemporal,Right-Amygdala,28,0.5733333333333333,0.3907078562746876,0.734914528758763
ctx-lh-insula,ctx-lh-transversetemporal,22,0.72,0.5184826598759761,0.8684923971201054
ctx-lh-insula,ctx-lh-rostralanteriorcingulate,42,0.638888888888889,0.4916636571945581,0.7701081168438124
ctx-lh-transversetemporal,ctx-lh-insula,22,0.78,0.5656004682477828,0.8987696001475148
ctx-lh-parsopercularis,ctx-lh-rostralanteriorcingulate,42,0.8583333333333332,0.7215891052555522,0.9328403298403735
ctx-lh-parsopercularis,ctx-lh-lateralorbitofrontal,102,0.822857142857143,0.7382173233977819,0.8853568481545065
Left-Hippocampus,ctx-lh-rostralanteriorcingulate,32,0.8095238095238096,0.6469084479862404,0.9111045531043405
ctx-lh-middletemporal,ctx-lh-rostralanteriorcingulate,74,0.7847619047619048,0.6772627498746149,0.8622954834409498
ctx-lh-rostralanteriorcingulate,ctx-lh-superiortemporal,68,0.8241758241758241,0.7163955959225665,0.8960641275056231
ctx-lh-rostralanteriorcingulate,ctx-lh-insula,42,0.836111111111111,0.6939599725535115,0.9168408335360192
ctx-lh-rostralanteriorcingulate,ctx-lh-parsopercularis,42,0.7166666666666667,0.5643279073180463,0.8283297537395091
ctx-lh-rostralanteriorcingulate,Left-Hippocampus,32,0.7999999999999999,0.6469084479862404,0.9111045531043405
ctx-lh-rostralanteriorcingulate,ctx-lh-middletemporal,74,0.8371428571428572,0.7376018659372965,0.9047293642002805
ctx-lh-rostralanteriorcingulate,ctx-lh-rostralanteriorcingulate,38,0.7642857142857143,0.6079318763676019,0.8700629298294592
ctx-lh-rostralanteriorcingulate,ctx-lh-lateralorbitofrontal,72,0.86,0.762868127494437,0.9227726922970102
Right-Amygdala,ctx-lh-superiortemporal,28,0.6133333333333334,0.42409044296597176,0.764343134584204
Right-Amygdala,ctx-lh-lateralorbitofrontal,28,0.6866666666666668,0.4933884318085761,0.8206675307750504
ctx-lh-lateralorbitofrontal,ctx-lh-parsopercularis,102,0.8633333333333333,0.7827125858265774,0.9164463337926553
ctx-lh-lateralorbitofrontal,ctx-lh-rostralanteriorcingulate,72,0.8752380952380954,0.7791894627583916,0.9328221577942649
ctx-lh-lateralorbitofrontal,Right-Amygdala,28,0.7066666666666667,0.5294071156670428,0.8474600394333092
Right-Hippocampus,ctx-rh-parahippocampal,106,0.9432900432900434,0.8819764940905073,0.9738023803820739
ctx-rh-parahippocampal,Right-Hippocampus,106,0.8969696969696969,0.8236781566158943,0.9410604120617315
ctx-rh-parahippocampal,ctx-rh-parahippocampal,150,0.9733333333333334,0.9334461094878556,0.989582059177032
ctx-rh-parahippocampal,Right-Amygdala,82,0.9139705882352942,0.8341245443721832,0.9580334750067581
ctx-rh-parahippocampal,ctx-rh-middletemporal,40,0.925,0.8013576647568946,0.9741639742254119
Right-Amygdala,ctx-rh-parahippocampal,82,0.9397058823529412,0.8650795049984596,0.973676044932184
ctx-rh-middletemporal,ctx-rh-parahippocampal,40,0.875,0.738878801611489,0.945404997490546
Right-Hippocampus,ctx-rh-inferiortemporal,88,0.7496732026143791,0.6503697004398789,0.828716766227675
Right-Hippocampus,ctx-rh-parsopercularis,54,0.7581818181818182,0.6305247581649721,0.8535570850471558
ctx-rh-parahippocampal,ctx-rh-fusiform,38,0.9464285714285715,0.8271453786822962,0.9854457918527075
ctx-rh-parahippocampal,ctx-rh-inferiortemporal,22,0.8300000000000001,0.6148339256287345,0.9269311541657794
ctx-rh-parahippocampal,ctx-rh-lateralorbitofrontal,114,0.9739130434782609,0.9254751605265878,0.9910104386913519
ctx-rh-parahippocampal,ctx-rh-parstriangularis,82,0.95,0.8811853807742406,0.9808689344322542
ctx-rh-parahippocampal,ctx-rh-parsopercularis,20,0.85,0.639581135259243,0.9476312541037833
Right-Amygdala,ctx-rh-inferiortemporal,48,0.7511111111111111,0.6121562719049203,0.850793663262021
Right-Amygdala,ctx-rh-parsopercularis,24,0.71,0.5083230633550336,0.8508535180303914
ctx-rh-fusiform,ctx-rh-parahippocampal,38,0.9464285714285714,0.8271453786822962,0.9854457918527075
ctx-rh-inferiortemporal,Right-Hippocampus,88,0.7163398692810458,0.6142041863950729,0.7995523075450874
ctx-rh-inferiortemporal,ctx-rh-parahippocampal,22,0.9099999999999999,0.7218505315839416,0.9747045710090048
ctx-rh-inferiortemporal,Right-Amygdala,48,0.6688888888888889,0.5254010970594798,0.7832321930518142
ctx-rh-inferiortemporal,ctx-rh-inferiortemporal,62,0.6294871794871795,0.5045796412346053,0.7384283401585889
ctx-rh-inferiortemporal,ctx-rh-middletemporal,88,0.6816993464052288,0.5786523452420933,0.7697741759706731
ctx-rh-inferiortemporal,ctx-rh-lateralorbitofrontal,128,0.7344615384615384,0.6518470619103658,0.8032449898364271
ctx-rh-inferiortemporal,ctx-rh-parstriangularis,54,0.7018181818181819,0.5717242709884696,0.8086257486782022
ctx-rh-inferiortemporal,ctx-rh-parsopercularis,26,0.6933333333333334,0.5001174167780162,0.8349868440453625
ctx-rh-middletemporal,ctx-rh-inferiortemporal,88,0.7379084967320261,0.6382422002911137,0.8190676088006423
ctx-rh-middletemporal,ctx-rh-parsopercularis,46,0.6511111111111111,0.5077005884206276,0.7731900662924567
ctx-rh-lateralorbitofrontal,ctx-rh-parahippocampal,114,0.9739130434782609,0.9254751605265878,0.9910104386913519
ctx-rh-lateralorbitofrontal,ctx-rh-inferiortemporal,128,0.7661538461538461,0.6851645688917714,0.8306064230879273
ctx-rh-lateralorbitofrontal,ctx-rh-parsorbitalis,22,0.72,0.5184826598759761,0.8684923971201054
ctx-rh-lateralorbitofrontal,ctx-rh-parsopercularis,58,0.6757575757575758,0.5442405467847079,0.7791670891507393
ctx-rh-parsorbitalis,ctx-rh-lateralorbitofrontal,22,0.8099999999999999,0.6148339256287345,0.9269311541657794
ctx-rh-parstriangularis,ctx-rh-parahippocampal,82,1.0,0.9552493763098998,1.0000000000000002
ctx-rh-parstriangularis,ctx-rh-inferiortemporal,54,0.649090909090909,0.5148483072023631,0.7617698889188527
ctx-rh-parstriangularis,ctx-rh-parsopercularis,26,0.6866666666666668,0.5001174167780162,0.8349868440453625
ctx-rh-parsopercularis,Right-Hippocampus,54,0.78,0.6506132834036109,0.8680458343236686
ctx-rh-parsopercularis,ctx-rh-parahippocampal,20,0.85,0.639581135259243,0.9476312541037833
ctx-rh-parsopercularis,Right-Amygdala,24,0.71,0.5083230633550336,0.8508535180303914
ctx-rh-parsopercularis,ctx-rh-inferiortemporal,26,0.7333333333333332,0.5391695962082381,0.8629555167798162
ctx-rh-parsopercularis,ctx-rh-middletemporal,46,0.6933333333333332,0.5519435355159235,0.8092015919723277
ctx-rh-parsopercularis,ctx-rh-lateralorbitofrontal,58,0.7984848484848485,0.6723078207851659,0.8774851603050945
ctx-rh-parsopercularis,ctx-rh-parstriangularis,26,0.7333333333333333,0.5391695962082381,0.8629555167798162
ctx-rh-inferiortemporal,ctx-rh-insula,102,0.7057142857142857,0.6112835092896618,0.7855364180617945
ctx-rh-insula,ctx-rh-inferiortemporal,102,0.6476190476190476,0.5505227800497734,0.7329200252012669
ctx-rh-insula,ctx-rh-parsopercularis,44,0.725,0.581511269075488,0.8365361837615664
ctx-rh-parsopercularis,ctx-rh-insula,44,0.6777777777777778,0.5344310393781776,0.8000069228914658
ctx-lh-rostralanteriorcingulate,ctx-lh-parstriangularis,32,0.8142857142857143,0.6469084479862404,0.9111045531043405
ctx-lh-parstriangularis,ctx-lh-rostralanteriorcingulate,32,0.8476190476190476,0.682458504024696,0.9313557971749429
ctx-lh-middletemporal,ctx-rh-caudalmiddlefrontal,28,0.8866666666666667,0.7280414845132784,0.9628816331707001
ctx-rh-lateralorbitofrontal,ctx-rh-postcentral,72,0.7933333333333333,0.6843073658064066,0.869479450178993
ctx-rh-lateralorbitofrontal,ctx-rh-caudalmiddlefrontal,20,0.95,0.7638688065532577,0.9911185511992044
Right-Amygdala,ctx-rh-postcentral,22,0.67,0.47318597741042745,0.8363940681864375
ctx-rh-middletemporal,ctx-rh-postcentral,48,0.6244444444444445,0.4836276351921526,0.747847332391318
ctx-rh-middletemporal,ctx-rh-caudalmiddlefrontal,22,0.96,0.7820195416134266,0.9919305723787362
Right-Hippocampus,ctx-rh-postcentral,44,0.6138888888888888,0.46623575392378275,0.7427879724947444
ctx-rh-postcentral,ctx-rh-lateralorbitofrontal,72,0.7085714285714285,0.5949425733065095,0.8006194381116332
ctx-rh-postcentral,Right-Amygdala,22,0.5900000000000001,0.38734818476315125,0.7674418380352814
ctx-rh-postcentral,ctx-rh-middletemporal,48,0.6666666666666666,0.5254010970594798,0.7832321930518142
ctx-rh-postcentral,Right-Hippocampus,44,0.6583333333333334,0.5113914121793823,0.7812418048065555
ctx-rh-postcentral,ctx-rh-postcentral,20,0.75,0.5312991223812559,0.8881382985923344
ctx-rh-caudalmiddlefrontal,ctx-lh-middletemporal,28,0.8333333333333333,0.6440857521065705,0.9212149805439572
ctx-rh-caudalmiddlefrontal,ctx-rh-lateralorbitofrontal,20,0.85,0.639581135259243,0.9476312541037833
ctx-rh-caudalmiddlefrontal,ctx-rh-middletemporal,22,0.96,0.7820195416134266,0.9919305723787362
ctx-rh-caudalmiddlefrontal,ctx-rh-caudalmiddlefrontal,20,0.8,0.5839825677481064,0.919342337420202
ctx-lh-parstriangularis,ctx-lh-superiorfrontal,106,0.8484848484848484,0.7687968486643733,0.9049014142182972
ctx-lh-parstriangularis,ctx-lh-precentral,24,0.8800000000000001,0.6899611872949992,0.9565566591987656
ctx-lh-superiorfrontal,ctx-lh-parstriangularis,106,0.8774891774891774,0.8014136606026787,0.9269087857569649
ctx-lh-superiorfrontal,ctx-lh-superiorfrontal,218,0.8943974630021142,0.8466659889782291,0.9286624862055775
ctx-lh-superiorfrontal,ctx-lh-precentral,52,0.8072727272727274,0.6810113918634199,0.8920395397526649
ctx-lh-superiorfrontal,ctx-lh-lateralorbitofrontal,198,0.9192307692307693,0.8727779672527037,0.9496496993421267
ctx-lh-superiorfrontal,ctx-lh-middletemporal,192,0.8959514170040486,0.8445869253283719,0.9315510840354478
ctx-lh-superiorfrontal,ctx-rh-medialorbitofrontal,26,0.7666666666666666,0.5794844592105631,0.8896615059421672
ctx-lh-precentral,ctx-lh-parstriangularis,24,0.75,0.5510055599484599,0.88000633771405
ctx-lh-precentral,ctx-lh-superiorfrontal,52,0.7309090909090908,0.5974778016637287,0.8323103970483349
ctx-lh-precentral,ctx-lh-precentral,32,0.819047619047619,0.6469084479862404,0.9111045531043405
ctx-lh-precentral,ctx-lh-lateralorbitofrontal,52,0.8272727272727274,0.702691358755192,0.9061752560868979
ctx-lh-precentral,ctx-lh-middletemporal,48,0.8066666666666666,0.680601328507153,0.8980860904515235
ctx-lh-lateralorbitofrontal,ctx-lh-superiorfrontal,198,0.9042307692307693,0.854996253946972,0.9377051114456356
ctx-lh-lateralorbitofrontal,ctx-lh-precentral,52,0.8872727272727271,0.7702833565509788,0.946030307969127
ctx-lh-lateralorbitofrontal,ctx-rh-medialorbitofrontal,28,0.6466666666666667,0.4583030651442781,0.7929417049226233
ctx-lh-middletemporal,ctx-lh-superiorfrontal,192,0.9010796221322537,0.8506207684360072,0.9357295831562837
ctx-lh-middletemporal,ctx-lh-precentral,48,0.8155555555555555,0.680601328507153,0.8980860904515235
ctx-lh-middletemporal,ctx-rh-medialorbitofrontal,26,0.76,0.5794844592105631,0.8896615059421672
ctx-rh-medialorbitofrontal,ctx-lh-superiorfrontal,26,0.8066666666666666,0.62123742880683,0.9149293885105759
ctx-rh-medialorbitofrontal,ctx-lh-lateralorbitofrontal,28,0.6933333333333334,0.4933884318085761,0.8206675307750504
ctx-rh-medialorbitofrontal,ctx-lh-middletemporal,26,0.7333333333333333,0.5391695962082381,0.8629555167798162
ctx-rh-medialorbitofrontal,ctx-rh-medialorbitofrontal,30,0.6333333333333333,0.45513563654794864,0.7812607919389929
ctx-rh-medialorbitofrontal,ctx-rh-lateralorbitofrontal,72,0.7228571428571429,0.6095356707476457,0.8123971414317063
ctx-rh-medialorbitofrontal,ctx-rh-parstriangularis,26,0.5800000000000001,0.389486137465917,0.7445555668634344
ctx-rh-medialorbitofrontal,Right-Amygdala,30,0.8666666666666668,0.703186733179637,0.9469034451594526
ctx-rh-medialorbitofrontal,ctx-rh-superiortemporal,116,0.7590579710144927,0.6732697472168292,0.8273917149385299
ctx-rh-medialorbitofrontal,ctx-rh-middletemporal,46,0.6533333333333333,0.5077005884206276,0.7731900662924567
ctx-rh-medialorbitofrontal,ctx-rh-inferiortemporal,34,0.6047619047619047,0.4504101734443069,0.760998166754911
ctx-rh-lateralorbitofrontal,ctx-rh-medialorbitofrontal,72,0.7085714285714285,0.5949425733065095,0.8006194381116332
ctx-rh-lateralorbitofrontal,ctx-rh-superiortemporal,420,0.7785714285714285,0.7364373723884556,0.8156558575921291
ctx-rh-parstriangularis,ctx-rh-medialorbitofrontal,26,0.6533333333333333,0.4622057118881081,0.8058776967705948
ctx-rh-parstriangularis,ctx-rh-superiortemporal,156,0.6981854838709676,0.6226539651399258,0.7652303826221271
Right-Amygdala,ctx-rh-medialorbitofrontal,30,0.7333333333333333,0.555520383048111,0.8581733668040368
Right-Amygdala,ctx-rh-superiortemporal,120,0.7333333333333332,0.647875606138524,0.8043154495327476
ctx-rh-superiortemporal,ctx-rh-medialorbitofrontal,116,0.7242753623188406,0.6366109249677827,0.7972956755668621
ctx-rh-superiortemporal,ctx-rh-lateralorbitofrontal,420,0.7571428571428571,0.7139222414698658,0.7957022785122123
ctx-rh-superiortemporal,ctx-rh-parstriangularis,156,0.7314516129032258,0.6562367115839256,0.794209627752652
ctx-rh-superiortemporal,Right-Amygdala,120,0.7666666666666667,0.683445529241854,0.833344248668171
ctx-rh-superiortemporal,ctx-rh-superiortemporal,726,0.6735285781766651,0.6386086373985069,0.7066718299610635
ctx-rh-superiortemporal,ctx-rh-middletemporal,284,0.7464912280701753,0.69282596730794,0.793552890600818
ctx-rh-superiortemporal,ctx-rh-inferiortemporal,194,0.6341430499325236,0.5642452323692226,0.6985914870421932
ctx-rh-middletemporal,ctx-rh-medialorbitofrontal,46,0.6333333333333333,0.486000964233897,0.7547624540916038
ctx-rh-middletemporal,ctx-rh-superiortemporal,284,0.7004385964912281,0.6450538441771657,0.7509975115485371
ctx-rh-inferiortemporal,ctx-rh-medialorbitofrontal,34,0.638095238095238,0.47913963119781733,0.785120794051205
ctx-rh-inferiortemporal,ctx-rh-superiortemporal,194,0.6750337381916329,0.6065141342041189,0.7371954219492713
Right-Amygdala,ctx-rh-inferiorparietal,22,0.78,0.5656004682477828,0.8987696001475148
Right-Hippocampus,ctx-rh-superiortemporal,274,0.7299663299663299,0.6744441848988922,0.7790518503393711
ctx-rh-superiortemporal,Right-Hippocampus,274,0.7406734006734006,0.6859179726549942,0.7891731118803293
ctx-rh-superiortemporal,ctx-rh-bankssts,118,0.7463768115942029,0.6603107217485353,0.8157177217827811
ctx-rh-superiortemporal,ctx-rh-precentral,198,0.7574358974358975,0.6933493710326301,0.8119977494051572
ctx-rh-superiortemporal,ctx-rh-inferiorparietal,118,0.738768115942029,0.6513031361566628,0.8083105334597807
ctx-rh-middletemporal,ctx-rh-lingual,28,0.6866666666666668,0.4933884318085761,0.8206675307750504
ctx-rh-middletemporal,ctx-rh-lateraloccipital,28,0.8266666666666668,0.6440857521065705,0.9212149805439572
ctx-rh-bankssts,ctx-rh-superiortemporal,118,0.6608695652173913,0.5717356110091416,0.740145093373445
ctx-rh-bankssts,ctx-rh-inferiorparietal,26,0.8066666666666666,0.62123742880683,0.9149293885105759
ctx-rh-precentral,ctx-rh-superiortemporal,198,0.7021794871794873,0.6349609560743676,0.761389726621936
ctx-rh-inferiorparietal,Right-Amygdala,22,0.72,0.5184826598759761,0.8684923971201054
ctx-rh-inferiorparietal,ctx-rh-superiortemporal,118,0.743840579710145,0.6603107217485353,0.8157177217827811
ctx-rh-inferiorparietal,ctx-rh-bankssts,26,0.6933333333333334,0.5001174167780162,0.8349868440453625
ctx-rh-lingual,ctx-rh-middletemporal,28,0.7466666666666667,0.5664432968100103,0.8732350508070669
ctx-rh-lateraloccipital,ctx-rh-middletemporal,28,0.7466666666666667,0.5664432968100103,0.8732350508070669
ctx-lh-entorhinal,ctx-lh-lateralorbitofrontal,20,0.55,0.34208534245034233,0.7418021417443759
ctx-lh-superiortemporal,ctx-lh-precentral,48,0.8777777777777779,0.7529954171361316,0.9414294856142803
ctx-lh-superiortemporal,ctx-rh-medialorbitofrontal,22,0.78,0.5656004682477828,0.8987696001475148
ctx-lh-supramarginal,ctx-lh-precentral,20,0.7,0.48102718164647645,0.8545227551323957
ctx-lh-precentral,ctx-lh-superiortemporal,48,0.7911111111111111,0.6574109872738206,0.882697270420944
ctx-lh-precentral,ctx-lh-supramarginal,20,0.7,0.48102718164647645,0.8545227551323957
ctx-lh-lateralorbitofrontal,ctx-lh-entorhinal,20,0.55,0.34208534245034233,0.7418021417443759
ctx-rh-medialorbitofrontal,ctx-lh-superiortemporal,22,0.62,0.4295170809013101,0.8026679532963388
ctx-rh-medialorbitofrontal,ctx-rh-insula,60,0.7333333333333334,0.6099128690331636,0.8286735999671945
ctx-rh-medialorbitofrontal,ctx-rh-precentral,30,0.8,0.6269430358685175,0.9049489282271013
ctx-rh-medialorbitofrontal,Right-Hippocampus,42,0.6222222222222222,0.4681404026715268,0.7500027423604485
ctx-rh-parstriangularis,ctx-rh-postcentral,24,0.6599999999999999,0.46706316838131734,0.8202780967270225
ctx-rh-insula,ctx-rh-medialorbitofrontal,60,0.7666666666666666,0.6456372962239805,0.8556043826335717
ctx-rh-insula,ctx-rh-postcentral,60,0.7333333333333333,0.6099128690331636,0.8286735999671945
ctx-rh-insula,ctx-rh-superiortemporal,380,0.7052631578947369,0.657552147203846,0.7488656495586269
ctx-rh-parsopercularis,ctx-rh-precentral,20,0.65,0.43285427668523624,0.818808175898918
ctx-rh-parsopercularis,ctx-rh-superiortemporal,76,0.6549999999999999,0.5459589781543772,0.7546367318250531
ctx-rh-postcentral,ctx-rh-parstriangularis,24,0.7,0.5083230633550336,0.8508535180303914
ctx-rh-postcentral,ctx-rh-insula,60,0.6833333333333333,0.5576623297382322,0.7869413244763348
ctx-rh-postcentral,ctx-rh-precentral,30,0.6666666666666666,0.48780051644543837,0.8076950191632386
ctx-rh-postcentral,ctx-rh-superiortemporal,114,0.6920948616600789,0.6031740428559286,0.7702089790476766
ctx-rh-postcentral,ctx-rh-inferiortemporal,30,0.6666666666666667,0.48780051644543837,0.8076950191632386
ctx-rh-precentral,ctx-rh-medialorbitofrontal,30,0.7333333333333333,0.555520383048111,0.8581733668040368
ctx-rh-precentral,ctx-rh-parsopercularis,20,0.6,0.3865815007622531,0.781193467627183
ctx-rh-precentral,ctx-rh-postcentral,30,0.7333333333333333,0.555520383048111,0.8581733668040368
ctx-rh-precentral,ctx-rh-inferiortemporal,50,0.6599999999999999,0.521538260502326,0.775630507774999
ctx-rh-superiortemporal,ctx-rh-insula,380,0.7447368421052631,0.6986006284157239,0.7859744369549168
ctx-rh-superiortemporal,ctx-rh-parsopercularis,76,0.6849999999999999,0.5730035365466362,0.7776914584293659
ctx-rh-superiortemporal,ctx-rh-postcentral,114,0.7201581027667985,0.6307060939760731,0.7935927945507508
Right-Hippocampus,ctx-rh-medialorbitofrontal,42,0.6916666666666667,0.5397400606391092,0.8092889714120513
ctx-rh-inferiortemporal,ctx-rh-postcentral,30,0.7,0.5212421254128503,0.833352517317562
ctx-rh-inferiortemporal,ctx-rh-precentral,50,0.6599999999999999,0.521538260502326,0.775630507774999
ctx-rh-inferiortemporal,ctx-rh-bankssts,30,0.8,0.6269430358685175,0.9049489282271013
ctx-rh-inferiortemporal,ctx-rh-inferiorparietal,30,0.7,0.5212421254128503,0.833352517317562
ctx-rh-bankssts,ctx-rh-inferiortemporal,30,0.6,0.42320360253322475,0.7540937188319815
ctx-rh-inferiorparietal,ctx-rh-inferiortemporal,30,0.5999999999999999,0.42320360253322475,0.7540937188319815
ctx-lh-entorhinal,ctx-lh-superiorfrontal,20,0.75,0.5312991223812559,0.8881382985923344
ctx-lh-entorhinal,ctx-rh-superiorfrontal,24,0.71,0.5083230633550336,0.8508535180303914
ctx-lh-insula,ctx-lh-isthmuscingulate,52,0.7872727272727273,0.6596789537149542,0.8775562946751251
ctx-lh-insula,ctx-lh-inferiorparietal,92,0.8257309941520468,0.7360155731778724,0.8900183033749829
ctx-lh-insula,ctx-lh-precentral,36,0.8642857142857142,0.713404696106438,0.9391818499086717
ctx-lh-insula,ctx-lh-postcentral,68,0.9,0.8024208869063436,0.949234228210071
ctx-lh-insula,ctx-lh-superiorfrontal,100,0.85,0.7671644040916763,0.9069401471634337
ctx-lh-insula,ctx-rh-rostralanteriorcingulate,40,0.875,0.738878801611489,0.945404997490546
ctx-lh-insula,ctx-rh-superiorfrontal,120,0.9,0.833318258891048,0.9418664079739892
ctx-lh-insula,ctx-lh-posteriorcingulate,34,0.7333333333333333,0.5688285871705533,0.8539880932278826
ctx-lh-insula,ctx-rh-posteriorcingulate,20,0.7,0.48102718164647645,0.8545227551323957
ctx-lh-superiortemporal,ctx-lh-isthmuscingulate,52,0.8472727272727273,0.7247591482358985,0.9199231498321968
ctx-lh-superiortemporal,ctx-lh-inferiorparietal,82,0.8169117647058822,0.7198781157085605,0.8858897814635709
ctx-lh-superiortemporal,ctx-lh-postcentral,64,0.8128205128205128,0.7002563943589847,0.8893535682705119
ctx-lh-superiortemporal,ctx-lh-superiorfrontal,140,0.8714285714285713,0.8059161413401259,0.9171021098140244
ctx-lh-superiortemporal,ctx-rh-rostralanteriorcingulate,56,0.8227272727272726,0.7015881796334894,0.900001432475877
ctx-lh-superiortemporal,ctx-rh-superiorfrontal,168,0.9174688057040999,0.8649917781202374,0.9497126649215393
ctx-lh-superiortemporal,ctx-lh-posteriorcingulate,32,0.780952380952381,0.6124500635075647,0.8897616374739581
ctx-lh-superiortemporal,ctx-rh-posteriorcingulate,28,0.7133333333333333,0.5294071156670428,0.8474600394333092
ctx-lh-middletemporal,ctx-lh-isthmuscingulate,36,0.75,0.5892954623327165,0.8624952233700518
ctx-lh-middletemporal,ctx-lh-inferiorparietal,36,0.8321428571428573,0.6810920568872053,0.921295524049819
ctx-lh-middletemporal,ctx-lh-postcentral,36,0.7821428571428571,0.6191529705388181,0.8828366802420353
ctx-lh-middletemporal,ctx-rh-posteriorcingulate,36,0.8071428571428572,0.6497195700482261,0.9024690458107127
Left-Hippocampus,ctx-lh-superiorfrontal,80,0.8375,0.7415709565930229,0.9025018059704963
ctx-lh-parahippocampal,ctx-lh-superiorfrontal,20,0.65,0.43285427668523624,0.818808175898918
ctx-lh-fusiform,ctx-lh-superiorfrontal,40,0.8,0.652426936536005,0.895000102745623
ctx-lh-lateralorbitofrontal,ctx-lh-isthmuscingulate,36,0.8357142857142857,0.6810920568872053,0.921295524049819
ctx-lh-lateralorbitofrontal,ctx-lh-inferiorparietal,36,0.8071428571428572,0.6497195700482261,0.9024690458107127
ctx-lh-lateralorbitofrontal,ctx-lh-postcentral,36,0.8035714285714286,0.6497195700482261,0.9024690458107127
ctx-lh-lateralorbitofrontal,ctx-rh-rostralanteriorcingulate,72,0.8047619047619048,0.6996724105411147,0.8804852062054944
ctx-lh-lateralorbitofrontal,ctx-rh-superiorfrontal,216,0.8842494714587736,0.8347261879943391,0.9203634156249312
ctx-lh-lateralorbitofrontal,ctx-rh-posteriorcingulate,36,0.6928571428571428,0.5314372714948966,0.8199554840517008
ctx-lh-parstriangularis,ctx-lh-isthmuscingulate,20,0.65,0.43285427668523624,0.818808175898918
ctx-lh-parstriangularis,ctx-lh-inferiorparietal,20,0.65,0.43285427668523624,0.818808175898918
ctx-lh-parstriangularis,ctx-lh-postcentral,20,0.85,0.639581135259243,0.9476312541037833
ctx-lh-parstriangularis,ctx-rh-rostralanteriorcingulate,40,0.925,0.8013576647568946,0.9741639742254119
ctx-lh-parstriangularis,ctx-rh-superiorfrontal,120,0.8416666666666666,0.7659066765413198,0.8962302264058994
ctx-lh-parstriangularis,ctx-rh-posteriorcingulate,20,0.85,0.639581135259243,0.9476312541037833
ctx-lh-parsopercularis,ctx-lh-isthmuscingulate,28,0.7133333333333333,0.5294071156670428,0.8474600394333092
ctx-lh-parsopercularis,ctx-lh-inferiorparietal,38,0.8178571428571428,0.6658114192886859,0.9077823481477874
ctx-lh-parsopercularis,ctx-lh-supramarginal,30,0.7333333333333333,0.555520383048111,0.8581733668040368
ctx-lh-parsopercularis,ctx-lh-precentral,24,0.8800000000000001,0.6899611872949992,0.9565566591987656
ctx-lh-parsopercularis,ctx-lh-postcentral,32,0.7238095238095238,0.5462549057408341,0.8443541950225724
ctx-lh-parsopercularis,ctx-lh-superiorfrontal,100,0.85,0.7671644040916763,0.9069401471634337
ctx-lh-parsopercularis,ctx-rh-rostralanteriorcingulate,40,0.925,0.8013576647568946,0.9741639742254119
ctx-lh-parsopercularis,ctx-rh-superiorfrontal,120,0.85,0.775324706432755,0.9029618770741527
ctx-lh-parsopercularis,ctx-rh-posteriorcingulate,20,0.75,0.5312991223812559,0.8881382985923344
ctx-lh-isthmuscingulate,ctx-lh-insula,52,0.8254545454545454,0.702691358755192,0.9061752560868979
ctx-lh-isthmuscingulate,ctx-lh-superiortemporal,52,0.7709090909090909,0.6386621744190016,0.8627573907450726
ctx-lh-isthmuscingulate,ctx-lh-middletemporal,36,0.8857142857142858,0.7468519140963513,0.9559335969968435
ctx-lh-isthmuscingulate,ctx-lh-lateralorbitofrontal,36,0.7714285714285715,0.6191529705388181,0.8828366802420353
ctx-lh-isthmuscingulate,ctx-lh-parstriangularis,20,0.75,0.5312991223812559,0.8881382985923344
ctx-lh-isthmuscingulate,ctx-lh-parsopercularis,28,0.64,0.4583030651442781,0.7929417049226233
ctx-lh-isthmuscingulate,ctx-lh-isthmuscingulate,40,0.775,0.6249690325768998,0.8768390867645927
ctx-lh-isthmuscingulate,ctx-lh-inferiorparietal,80,0.8375,0.7415709565930229,0.9025018059704963
ctx-lh-isthmuscingulate,ctx-lh-precentral,24,0.66,0.46706316838131734,0.8202780967270225
ctx-lh-isthmuscingulate,ctx-lh-postcentral,56,0.8560606060606061,0.7426407877129466,0.9257921146307937
ctx-lh-isthmuscingulate,ctx-lh-superiorfrontal,40,0.75,0.5980603857923197,0.858128813609037
ctx-lh-isthmuscingulate,ctx-rh-superiorfrontal,48,0.731111111111111,0.5900303501775938,0.8343404237254356
ctx-lh-isthmuscingulate,ctx-lh-posteriorcingulate,28,0.7133333333333333,0.5294071156670428,0.8474600394333092
ctx-lh-inferiorparietal,ctx-lh-insula,92,0.8906432748538012,0.8113621754329581,0.9398784764304682
ctx-lh-inferiorparietal,ctx-lh-superiortemporal,82,0.8529411764705882,0.7614058151019909,0.9142583778976943
ctx-lh-inferiorparietal,ctx-lh-middletemporal,36,0.7464285714285716,0.5892954623327165,0.8624952233700518
ctx-lh-inferiorparietal,ctx-lh-lateralorbitofrontal,36,0.9178571428571429,0.7817330875072737,0.9712513886640066
ctx-lh-inferiorparietal,ctx-lh-parstriangularis,20,0.75,0.5312991223812559,0.8881382985923344
ctx-lh-inferiorparietal,ctx-lh-parsopercularis,38,0.8142857142857143,0.6658114192886859,0.9077823481477874
ctx-lh-inferiorparietal,ctx-lh-isthmuscingulate,80,0.8,0.6995375627182917,0.8729715595603921
ctx-lh-inferiorparietal,ctx-lh-inferiorparietal,170,0.8235294117647058,0.7592618409609785,0.8734986106954795
ctx-lh-inferiorparietal,ctx-lh-transversetemporal,22,0.82,0.6148339256287345,0.9269311541657794
ctx-lh-inferiorparietal,ctx-lh-precentral,44,0.7527777777777777,0.6055943364104085,0.8542578617103512
ctx-lh-inferiorparietal,ctx-lh-postcentral,116,0.8876811594202898,0.8176656894377011,0.9333265037953379
ctx-lh-inferiorparietal,ctx-lh-superiorfrontal,40,0.775,0.6249690325768998,0.8768390867645927
ctx-lh-inferiorparietal,ctx-rh-superiorfrontal,48,0.8133333333333332,0.680601328507153,0.8980860904515235
ctx-lh-inferiorparietal,ctx-lh-posteriorcingulate,58,0.796969696969697,0.6723078207851659,0.8774851603050945
ctx-lh-supramarginal,ctx-lh-parsopercularis,30,0.8,0.6269430358685175,0.9049489282271013
ctx-lh-supramarginal,ctx-lh-superiorfrontal,60,0.75,0.6276792992295218,0.8422347746994333
ctx-lh-supramarginal,ctx-rh-rostralanteriorcingulate,24,0.8400000000000001,0.6414692935030094,0.9332132367136706
ctx-lh-supramarginal,ctx-rh-superiorfrontal,72,0.8476190476190476,0.7467771063249946,0.912492912705243
ctx-lh-transversetemporal,ctx-lh-inferiorparietal,22,0.67,0.47318597741042745,0.8363940681864375
ctx-lh-transversetemporal,ctx-lh-superiorfrontal,20,0.75,0.5312991223812559,0.8881382985923344
ctx-lh-transversetemporal,ctx-rh-superiorfrontal,24,0.72,0.5083230633550336,0.8508535180303914
ctx-lh-precentral,ctx-lh-insula,36,0.8321428571428573,0.6810920568872053,0.921295524049819
ctx-lh-precentral,ctx-lh-parsopercularis,24,0.7100000000000001,0.5083230633550336,0.8508535180303914
ctx-lh-precentral,ctx-lh-isthmuscingulate,24,0.6300000000000001,0.42709962442674265,0.7884063244045123
ctx-lh-precentral,ctx-lh-inferiorparietal,44,0.7722222222222223,0.6300764193536366,0.8715805240508285
ctx-lh-precentral,ctx-lh-postcentral,32,0.8142857142857143,0.6469084479862404,0.9111045531043405
ctx-lh-precentral,ctx-rh-superiorfrontal,48,0.8577777777777778,0.728328234752537,0.9275175067339629
ctx-lh-postcentral,ctx-lh-insula,68,0.8263736263736264,0.7163955959225665,0.8960641275056231
ctx-lh-postcentral,ctx-lh-superiortemporal,64,0.8435897435897436,0.7357193822745122,0.912851576617934
ctx-lh-postcentral,ctx-lh-middletemporal,36,0.8571428571428571,0.713404696106438,0.9391818499086717
ctx-lh-postcentral,ctx-lh-lateralorbitofrontal,36,0.8571428571428573,0.713404696106438,0.9391818499086717
ctx-lh-postcentral,ctx-lh-parstriangularis,20,0.8,0.5839825677481064,0.919342337420202
ctx-lh-postcentral,ctx-lh-parsopercularis,32,0.7571428571428572,0.5789344100575551,0.8674759908149097
ctx-lh-postcentral,ctx-lh-isthmuscingulate,56,0.8045454545454547,0.681553923735416,0.8866140432567635
ctx-lh-postcentral,ctx-lh-inferiorparietal,116,0.8797101449275363,0.8075734431935786,0.9267300346342817
ctx-lh-postcentral,ctx-lh-precentral,32,0.780952380952381,0.6124500635075647,0.8897616374739581
ctx-lh-postcentral,ctx-lh-postcentral,80,0.8875,0.7998178190762711,0.9396731305336953
ctx-lh-postcentral,ctx-lh-superiorfrontal,40,0.775,0.6249690325768998,0.8768390867645927
ctx-lh-postcentral,ctx-rh-superiorfrontal,48,0.7533333333333332,0.6121562719049203,0.850793663262021
ctx-lh-postcentral,ctx-lh-posteriorcingulate,40,0.8,0.652426936536005,0.895000102745623
ctx-lh-medialorbitofrontal,ctx-lh-superiorfrontal,20,0.6,0.3865815007622531,0.781193467627183
ctx-lh-medialorbitofrontal,ctx-rh-superiorfrontal,24,0.96,0.7975819352134407,0.9926065438344943
ctx-lh-rostralanteriorcingulate,ctx-lh-superiorfrontal,60,0.8333333333333333,0.7196838683638547,0.9068682302080855
ctx-lh-rostralanteriorcingulate,ctx-rh-rostralanteriorcingulate,24,0.9099999999999999,0.741511978067893,0.9768411847029567
ctx-lh-rostralanteriorcingulate,ctx-rh-superiorfrontal,72,0.8457142857142858,0.7467771063249946,0.912492912705243
ctx-lh-superiorfrontal,ctx-lh-entorhinal,20,0.75,0.5312991223812559,0.8881382985923344
ctx-lh-superiorfrontal,ctx-lh-insula,100,0.8600000000000001,0.7786281178903616,0.9147365634006086
ctx-lh-superiorfrontal,ctx-lh-superiortemporal,140,0.8714285714285716,0.8059161413401259,0.9171021098140244
ctx-lh-superiorfrontal,Left-Hippocampus,80,0.85,0.7558677143867665,0.9120595949383645
ctx-lh-superiorfrontal,ctx-lh-parahippocampal,20,0.8,0.5839825677481064,0.919342337420202
ctx-lh-superiorfrontal,ctx-lh-fusiform,40,0.8,0.652426936536005,0.895000102745623
ctx-lh-superiorfrontal,ctx-lh-parsopercularis,100,0.8100000000000002,0.7222115462093562,0.8748524849023126
ctx-lh-superiorfrontal,ctx-lh-isthmuscingulate,40,0.75,0.5980603857923197,0.858128813609037
ctx-lh-superiorfrontal,ctx-lh-inferiorparietal,40,0.775,0.6249690325768998,0.8768390867645927
ctx-lh-superiorfrontal,ctx-lh-supramarginal,60,0.8,0.6821819419437211,0.8817149467710251
ctx-lh-superiorfrontal,ctx-lh-transversetemporal,20,0.75,0.5312991223812559,0.8881382985923344
ctx-lh-superiorfrontal,ctx-lh-postcentral,40,0.85,0.7092767563351029,0.9293881228267965
ctx-lh-superiorfrontal,ctx-lh-medialorbitofrontal,20,0.85,0.639581135259243,0.9476312541037833
ctx-lh-superiorfrontal,ctx-lh-rostralanteriorcingulate,60,0.7666666666666667,0.6456372962239805,0.8556043826335717
ctx-lh-superiorfrontal,ctx-rh-rostralanteriorcingulate,80,0.825,0.7274245802116865,0.8927936355902206
ctx-lh-superiorfrontal,ctx-rh-superiorfrontal,240,0.9291666666666668,0.8895031557540064,0.9553080629628224
ctx-lh-superiorfrontal,ctx-lh-caudalanteriorcingulate,20,0.75,0.5312991223812559,0.8881382985923344
ctx-lh-superiorfrontal,Right-Cerebral-White-Matter,20,0.75,0.5312991223812559,0.8881382985923344
ctx-lh-superiorfrontal,ctx-rh-caudalanteriorcingulate,20,0.6,0.3865815007622531,0.781193467627183
ctx-lh-superiorfrontal,ctx-lh-posteriorcingulate,20,0.65,0.43285427668523624,0.818808175898918
ctx-lh-superiorfrontal,ctx-rh-posteriorcingulate,40,0.8,0.652426936536005,0.895000102745623
ctx-rh-medialorbitofrontal,ctx-rh-superiorfrontal,24,0.8300000000000001,0.6414692935030094,0.9332132367136706
ctx-rh-rostralanteriorcingulate,ctx-lh-insula,40,0.825,0.6805000966821227,0.9125458625396409
ctx-rh-rostralanteriorcingulate,ctx-lh-superiortemporal,56,0.8212121212121213,0.7015881796334894,0.900001432475877
ctx-rh-rostralanteriorcingulate,ctx-lh-lateralorbitofrontal,72,0.818095238095238,0.7151965826080176,0.891331834899801
ctx-rh-rostralanteriorcingulate,ctx-lh-parstriangularis,40,0.775,0.6249690325768998,0.8768390867645927
ctx-rh-rostralanteriorcingulate,ctx-lh-parsopercularis,40,0.8,0.652426936536005,0.895000102745623
ctx-rh-rostralanteriorcingulate,ctx-lh-supramarginal,24,0.75,0.5510055599484599,0.88000633771405
ctx-rh-rostralanteriorcingulate,ctx-lh-rostralanteriorcingulate,24,0.64,0.42709962442674265,0.7884063244045123
ctx-rh-rostralanteriorcingulate,ctx-lh-superiorfrontal,80,0.8,0.6995375627182917,0.8729715595603921
ctx-rh-superiorfrontal,ctx-lh-entorhinal,24,0.7,0.5083230633550336,0.8508535180303914
ctx-rh-superiorfrontal,ctx-lh-insula,120,0.8583333333333332,0.7848050551014282,0.9096312089651676
ctx-rh-superiorfrontal,ctx-lh-superiortemporal,168,0.9046345811051694,0.8509014826441582,0.9405256905964249
ctx-rh-superiorfrontal,ctx-lh-lateralorbitofrontal,216,0.8979915433403806,0.8506093749352146,0.9317726239955952
ctx-rh-superiorfrontal,ctx-lh-parstriangularis,120,0.8666666666666668,0.7943520342531573,0.9162339103731271
ctx-rh-superiorfrontal,ctx-lh-parsopercularis,120,0.9333333333333332,0.8739486959646967,0.9658346931390938
ctx-rh-superiorfrontal,ctx-lh-isthmuscingulate,48,0.7911111111111111,0.6574109872738206,0.882697270420944
ctx-rh-superiorfrontal,ctx-lh-inferiorparietal,48,0.8711111111111111,0.7529954171361316,0.9414294856142803
ctx-rh-superiorfrontal,ctx-lh-supramarginal,72,0.8885714285714286,0.7957706176633595,0.9426118036505066
ctx-rh-superiorfrontal,ctx-lh-transversetemporal,24,0.75,0.5510055599484599,0.88000633771405
ctx-rh-superiorfrontal,ctx-lh-precentral,48,0.7933333333333332,0.6574109872738206,0.882697270420944
ctx-rh-superiorfrontal,ctx-lh-postcentral,48,0.7911111111111111,0.6574109872738206,0.882697270420944
ctx-rh-superiorfrontal,ctx-lh-medialorbitofrontal,24,0.9199999999999999,0.741511978067893,0.9768411847029567
ctx-rh-superiorfrontal,ctx-lh-rostralanteriorcingulate,72,0.8895238095238096,0.7957706176633595,0.9426118036505066
ctx-rh-superiorfrontal,ctx-lh-superiorfrontal,240,0.925,0.8845739334081344,0.9520352346415408
ctx-rh-superiorfrontal,ctx-rh-medialorbitofrontal,24,0.71,0.5083230633550336,0.8508535180303914
ctx-rh-superiorfrontal,ctx-lh-caudalanteriorcingulate,24,0.74,0.5510055599484599,0.88000633771405
ctx-rh-superiorfrontal,Right-Cerebral-White-Matter,24,0.7,0.5083230633550336,0.8508535180303914
ctx-rh-superiorfrontal,ctx-lh-posteriorcingulate,24,0.8300000000000001,0.6414692935030094,0.9332132367136706
ctx-rh-superiorfrontal,ctx-rh-posteriorcingulate,48,0.768888888888889,0.6346073590999655,0.8669217373308877
ctx-lh-caudalanteriorcingulate,ctx-lh-superiorfrontal,20,0.85,0.639581135259243,0.9476312541037833
ctx-lh-caudalanteriorcingulate,ctx-rh-superiorfrontal,24,0.75,0.5510055599484599,0.88000633771405
Right-Cerebral-White-Matter,ctx-lh-superiorfrontal,20,0.65,0.43285427668523624,0.818808175898918
Right-Cerebral-White-Matter,ctx-rh-superiorfrontal,24,0.7100000000000001,0.5083230633550336,0.8508535180303914
ctx-rh-caudalanteriorcingulate,ctx-lh-superiorfrontal,20,0.95,0.7638688065532577,0.9911185511992044
ctx-lh-posteriorcingulate,ctx-lh-insula,34,0.8476190476190476,0.6987194350454783,0.9355055855521753
ctx-lh-posteriorcingulate,ctx-lh-superiortemporal,32,0.8047619047619048,0.6469084479862404,0.9111045531043405
ctx-lh-posteriorcingulate,ctx-lh-isthmuscingulate,28,0.82,0.6440857521065705,0.9212149805439572
ctx-lh-posteriorcingulate,ctx-lh-inferiorparietal,58,0.7924242424242426,0.6723078207851659,0.8774851603050945
ctx-lh-posteriorcingulate,ctx-lh-postcentral,40,0.775,0.6249690325768998,0.8768390867645927
ctx-lh-posteriorcingulate,ctx-lh-superiorfrontal,20,0.95,0.7638688065532577,0.9911185511992044
ctx-lh-posteriorcingulate,ctx-rh-superiorfrontal,24,0.6599999999999999,0.46706316838131734,0.8202780967270225
ctx-lh-posteriorcingulate,ctx-lh-posteriorcingulate,20,0.6,0.3865815007622531,0.781193467627183
ctx-rh-posteriorcingulate,ctx-lh-insula,20,0.75,0.5312991223812559,0.8881382985923344
ctx-rh-posteriorcingulate,ctx-lh-superiortemporal,28,0.76,0.5664432968100103,0.8732350508070669
ctx-rh-posteriorcingulate,ctx-lh-middletemporal,36,0.8071428571428572,0.6497195700482261,0.9024690458107127
ctx-rh-posteriorcingulate,ctx-lh-lateralorbitofrontal,36,0.7500000000000001,0.5892954623327165,0.8624952233700518
ctx-rh-posteriorcingulate,ctx-lh-parstriangularis,20,0.7,0.48102718164647645,0.8545227551323957
ctx-rh-posteriorcingulate,ctx-lh-parsopercularis,20,0.55,0.34208534245034233,0.7418021417443759
ctx-rh-posteriorcingulate,ctx-lh-superiorfrontal,40,0.8,0.652426936536005,0.895000102745623
ctx-rh-posteriorcingulate,ctx-rh-superiorfrontal,48,0.8533333333333333,0.728328234752537,0.9275175067339629
ctx-lh-lateraloccipital,ctx-lh-inferiorparietal,36,0.7250000000000001,0.5600751000260289,0.841516620598654
ctx-lh-lateraloccipital,ctx-lh-postcentral,24,0.67,0.46706316838131734,0.8202780967270225
ctx-lh-lateraloccipital,ctx-lh-superiorparietal,24,0.8400000000000001,0.6414692935030094,0.9332132367136706
ctx-lh-inferiorparietal,ctx-lh-lateraloccipital,36,0.7785714285714286,0.6191529705388181,0.8828366802420353
ctx-lh-inferiorparietal,ctx-lh-superiorparietal,108,0.8415584415584416,0.7623129098457861,0.899337973290832
ctx-lh-inferiorparietal,ctx-lh-paracentral,72,0.7914285714285715,0.6843073658064066,0.869479450178993
ctx-lh-insula,ctx-lh-superiorparietal,48,0.828888888888889,0.7042217159874441,0.9130448642351444
ctx-lh-insula,ctx-lh-paracentral,32,0.8476190476190476,0.682458504024696,0.9313557971749429
ctx-lh-postcentral,ctx-lh-lateraloccipital,24,0.75,0.5510055599484599,0.88000633771405
ctx-lh-postcentral,ctx-lh-superiorparietal,72,0.8171428571428571,0.7151965826080176,0.891331834899801
ctx-lh-postcentral,ctx-lh-paracentral,48,0.8533333333333333,0.728328234752537,0.9275175067339629
ctx-lh-superiortemporal,ctx-lh-superiorparietal,36,0.8357142857142857,0.6810920568872053,0.921295524049819
ctx-lh-superiortemporal,ctx-lh-paracentral,24,0.76,0.5510055599484599,0.88000633771405
ctx-lh-posteriorcingulate,ctx-lh-superiorparietal,36,0.8071428571428572,0.6497195700482261,0.9024690458107127
ctx-lh-posteriorcingulate,ctx-lh-paracentral,24,0.79,0.5952954674681133,0.9075517464714814
ctx-lh-isthmuscingulate,ctx-lh-superiorparietal,48,0.8333333333333333,0.7042217159874441,0.9130448642351444
ctx-lh-isthmuscingulate,ctx-lh-paracentral,32,0.7095238095238094,0.5462549057408341,0.8443541950225724
ctx-lh-superiorparietal,ctx-lh-lateraloccipital,24,0.62,0.42709962442674265,0.7884063244045123
ctx-lh-superiorparietal,ctx-lh-inferiorparietal,108,0.8974025974025974,0.8267749385359172,0.9421706824066393
ctx-lh-superiorparietal,ctx-lh-insula,48,0.8755555555555556,0.7529954171361316,0.9414294856142803
ctx-lh-superiorparietal,ctx-lh-postcentral,72,0.9047619047619048,0.8126495420487314,0.9521036800263443
ctx-lh-superiorparietal,ctx-lh-superiortemporal,36,0.6892857142857143,0.5314372714948966,0.8199554840517008
ctx-lh-superiorparietal,ctx-lh-posteriorcingulate,36,0.7464285714285714,0.5892954623327165,0.8624952233700518
ctx-lh-superiorparietal,ctx-lh-isthmuscingulate,48,0.831111111111111,0.7042217159874441,0.9130448642351444
ctx-lh-superiorparietal,ctx-lh-paracentral,48,0.8177777777777777,0.680601328507153,0.8980860904515235
ctx-lh-superiorparietal,ctx-lh-precentral,24,0.74,0.5510055599484599,0.88000633771405
ctx-lh-paracentral,ctx-lh-inferiorparietal,72,0.7923809523809523,0.6843073658064066,0.869479450178993
ctx-lh-paracentral,ctx-lh-insula,32,0.7238095238095238,0.5462549057408341,0.8443541950225724
ctx-lh-paracentral,ctx-lh-postcentral,48,0.828888888888889,0.7042217159874441,0.9130448642351444
ctx-lh-paracentral,ctx-lh-superiortemporal,24,0.79,0.5952954674681133,0.9075517464714814
ctx-lh-paracentral,ctx-lh-posteriorcingulate,24,0.8300000000000001,0.6414692935030094,0.9332132367136706
ctx-lh-paracentral,ctx-lh-isthmuscingulate,32,0.7142857142857142,0.5462549057408341,0.8443541950225724
ctx-lh-paracentral,ctx-lh-superiorparietal,48,0.8955555555555555,0.7783257830561368,0.9546782809581869
ctx-lh-paracentral,ctx-lh-paracentral,32,0.8476190476190476,0.682458504024696,0.9313557971749429
ctx-lh-precentral,ctx-lh-superiorparietal,24,0.76,0.5510055599484599,0.88000633771405
